filename,width,height,class,xmin,ymin,xmax,ymax
all2.jpg,1600,492,highelf,26,85,136,223
all2.jpg,1600,492,argonian,171,69,308,199
all2.jpg,1600,492,woodelf,358,74,458,188
all2.jpg,1600,492,breton,514,81,614,214
all2.jpg,1600,492,darkelf,671,76,780,202
all2.jpg,1600,492,imperial,833,67,929,200
all2.jpg,1600,492,khajiit,976,69,1112,204
all2.jpg,1600,492,nord,1166,79,1259,227
all2.jpg,1600,492,orc,1322,81,1431,238
all2.jpg,1600,492,redguard,1488,75,1576,198
all2.jpg,1600,492,highelf,34,294,133,429
all2.jpg,1600,492,argonian,179,301,312,409
all2.jpg,1600,492,woodelf,360,311,446,423
all2.jpg,1600,492,breton,514,294,608,411
all2.jpg,1600,492,darkelf,683,294,771,416
all2.jpg,1600,492,imperial,845,299,923,401
all2.jpg,1600,492,khajiit,981,301,1109,411
all2.jpg,1600,492,nord,1160,290,1258,411
all2.jpg,1600,492,orc,1316,302,1412,412
all2.jpg,1600,492,redguard,1482,292,1568,399
all3.jpg,1200,1600,orc,82,359,219,523
all3.jpg,1200,1600,redguard,100,644,207,813
all3.jpg,1200,1600,nord,88,949,216,1125
all3.jpg,1200,1600,argonian,470,335,626,496
all3.jpg,1200,1600,woodelf,490,637,622,800
all3.jpg,1200,1600,khajiit,468,944,624,1118
all3.jpg,1200,1600,highelf,868,342,1014,533
all3.jpg,1200,1600,breton,883,645,1002,801
all3.jpg,1200,1600,darkelf,863,967,1011,1144
all3.jpg,1200,1600,imperial,870,1259,994,1422
all6.jpg,1838,678,redguard,1211,480,1331,670
all6.jpg,1838,678,imperial,1425,481,1558,657
all6.jpg,1838,678,orc,27,240,171,431
all6.jpg,1838,678,orc,274,247,420,431
all6.jpg,1838,678,orc,507,255,660,448
all6.jpg,1838,678,nord,254,7,407,221
all6.jpg,1838,678,khajiit,709,243,878,455
all6.jpg,1838,678,khajiit,950,247,1116,426
all6.jpg,1838,678,khajiit,1180,235,1347,428
all6.jpg,1838,678,argonian,486,483,683,644
all6.jpg,1838,678,argonian,734,491,885,657
all6.jpg,1838,678,redguard,961,476,1107,654
all6.jpg,1838,678,darkelf,1417,259,1565,420
all6.jpg,1838,678,darkelf,1644,255,1787,416
all6.jpg,1838,678,woodelf,28,470,190,678
all6.jpg,1838,678,woodelf,285,463,434,649
all6.jpg,1838,678,imperial,16,31,177,223
all6.jpg,1838,678,imperial,1172,9,1347,216
all6.jpg,1838,678,imperial,1414,10,1573,219
all6.jpg,1838,678,imperial,1646,18,1811,211
all6.jpg,1838,678,redguard,494,24,634,202
all6.jpg,1838,678,nord,726,23,866,214
all7.jpg,638,392,highelf,14,5,122,151
all7.jpg,638,392,highelf,113,71,183,193
all7.jpg,638,392,argonian,171,1,316,128
all7.jpg,638,392,khajiit,324,3,462,159
all7.jpg,638,392,nord,467,11,600,196
all7.jpg,638,392,darkelf,6,179,156,386
all7.jpg,638,392,nord,160,210,293,389
all7.jpg,638,392,argonian,303,248,387,330
all7.jpg,638,392,woodelf,403,222,509,381
all7.jpg,638,392,orc,547,257,636,382
argonian.jpg,1920,1080,argonian,1021,492,1292,755
argonian1.jpg,1920,1080,argonian,1047,172,1236,385
argonian10.jpg,1920,1080,argonian,1065,192,1245,366
argonian11.jpg,1920,1080,argonian,1056,186,1247,371
argonian12.jpg,1920,1080,argonian,1024,264,1325,550
argonian13.jpg,3024,4032,argonian,1253,855,2244,1811
argonian15.jpg,278,500,argonian,113,36,174,93
argonian16.jpg,278,500,argonian,113,44,160,100
argonian17.jpg,300,500,argonian,124,13,186,82
argonian19.jpg,300,500,argonian,118,36,178,97
argonian2.jpg,1920,1080,argonian,1071,159,1267,366
argonian20.jpg,300,500,argonian,114,24,183,92
argonian21.jpg,278,500,argonian,106,44,165,106
argonian22.jpg,300,500,argonian,113,27,184,97
argonian23.jpg,278,500,argonian,91,24,158,87
argonian24.jpg,300,500,argonian,113,46,175,102
argonian25.jpg,278,500,argonian,106,11,170,88
argonian26.jpg,360,450,argonian,153,49,201,112
argonian27.jpg,235,374,argonian,35,34,113,131
argonian28.jpg,278,500,argonian,93,47,156,116
argonian29.jpg,480,360,argonian,168,48,296,167
argonian30.jpg,642,958,argonian,237,95,392,258
argonian31.jpg,360,450,argonian,120,30,205,113
argonian32.jpg,300,400,argonian,105,23,197,121
argonian4.jpg,1920,1080,argonian,994,252,1300,555
argonian5.jpg,1920,1080,argonian,1016,257,1336,553
argonian6.jpg,1920,1080,argonian,1093,182,1260,366
argonian7.jpg,1920,1080,argonian,1092,196,1233,364
argonian8.jpg,1920,1080,argonian,1087,168,1239,360
argonianall.jpg,620,676,argonian,24,20,107,105
argonianall.jpg,620,676,argonian,149,13,229,109
argonianall.jpg,620,676,argonian,266,23,357,103
argonianall.jpg,620,676,argonian,391,20,485,112
argonianall.jpg,620,676,argonian,501,24,618,98
argonianall.jpg,620,676,argonian,16,182,109,285
argonianall.jpg,620,676,argonian,138,183,234,280
argonianall.jpg,620,676,argonian,258,193,366,278
argonianall.jpg,620,676,argonian,381,194,480,278
argonianall.jpg,620,676,argonian,503,187,609,279
argonianall.jpg,620,676,argonian,28,364,96,435
argonianall.jpg,620,676,argonian,151,356,223,445
argonianall.jpg,620,676,argonian,276,363,348,442
argonianall.jpg,620,676,argonian,400,365,473,440
argonianall.jpg,620,676,argonian,523,359,604,440
argonianall.jpg,620,676,argonian,23,522,105,610
argonianall.jpg,620,676,argonian,148,530,225,617
argonianall.jpg,620,676,argonian,268,530,362,604
argonianall.jpg,620,676,argonian,401,528,468,603
argonianall.jpg,620,676,argonian,514,530,609,613
breton10.jpg,1920,1080,breton,1074,197,1220,394
breton13.jpg,278,500,breton,115,18,166,85
breton14.jpg,300,500,breton,131,50,173,103
breton15.jpg,300,500,breton,123,5,169,71
breton16.jpg,300,500,breton,128,13,175,76
breton17.jpg,300,500,breton,137,19,187,84
breton18.jpg,300,500,breton,132,4,183,78
breton19.jpg,278,500,breton,119,40,165,111
breton2.jpg,1920,1080,breton,1047,485,1328,821
breton20.jpg,278,500,breton,112,22,160,88
breton21.jpg,300,500,breton,121,12,169,85
breton22.jpg,600,1000,breton,265,42,363,167
breton23.jpg,278,500,breton,109,11,165,82
breton25.jpg,300,500,breton,127,28,175,109
breton26.jpg,300,500,breton,123,29,175,97
breton27.jpg,278,500,breton,110,28,165,102
breton28.jpg,300,500,breton,124,21,177,92
breton29.jpg,278,500,breton,111,16,165,92
breton3.jpg,1920,1080,breton,1070,204,1219,402
breton30.jpg,278,500,breton,112,21,160,94
breton31.jpg,300,500,breton,121,33,175,106
breton32.jpg,278,500,breton,115,43,165,108
breton33.jpg,278,500,breton,114,31,166,103
breton4.jpg,1920,1080,breton,1077,193,1237,418
breton5.jpg,1920,1080,breton,1065,180,1231,408
breton7.jpg,1920,1080,breton,1098,188,1243,403
breton8.jpg,1920,1080,breton,1093,183,1237,441
breton9.jpg,1920,1080,breton,1072,196,1227,392
bretonall.jpg,700,763,breton,35,29,111,126
bretonall.jpg,700,763,breton,31,216,108,329
bretonall.jpg,700,763,breton,35,404,110,503
bretonall.jpg,700,763,breton,35,600,108,693
bretonall.jpg,700,763,breton,177,16,253,116
bretonall.jpg,700,763,breton,170,223,251,324
bretonall.jpg,700,763,breton,177,405,244,503
bretonall.jpg,700,763,breton,170,603,250,698
bretonall.jpg,700,763,breton,315,22,400,121
bretonall.jpg,700,763,breton,452,16,535,144
bretonall.jpg,700,763,breton,587,16,675,135
bretonall.jpg,700,763,breton,312,212,393,315
bretonall.jpg,700,763,breton,454,214,535,316
bretonall.jpg,700,763,breton,589,214,675,316
bretonall.jpg,700,763,breton,307,404,388,496
bretonall.jpg,700,763,breton,454,399,538,502
bretonall.jpg,700,763,breton,593,400,668,500
bretonall.jpg,700,763,breton,313,604,391,695
bretonall.jpg,700,763,breton,452,593,535,691
bretonall.jpg,700,763,breton,594,592,674,693
darkelf.jpg,1920,1080,darkelf,1078,169,1263,410
darkelf13.jpg,279,499,darkelf,103,10,159,90
darkelf14.jpg,278,500,darkelf,112,30,165,102
darkelf15.jpg,300,500,darkelf,119,10,171,97
darkelf16.jpg,300,500,darkelf,110,61,193,143
darkelf17.jpg,300,500,darkelf,128,7,174,80
darkelf18.jpg,300,500,darkelf,123,26,175,92
darkelf19.jpg,300,500,darkelf,124,32,168,96
darkelf2.jpg,1920,1080,darkelf,1110,164,1259,381
darkelf20.jpg,300,500,darkelf,123,39,174,101
darkelf21.jpg,300,500,darkelf,129,22,181,85
darkelf22.jpg,300,500,darkelf,132,34,184,110
darkelf23.jpg,300,500,darkelf,113,66,165,130
darkelf24.jpg,300,500,darkelf,131,14,201,90
darkelf25.jpg,300,500,darkelf,119,13,174,85
darkelf26.jpg,293,499,darkelf,99,24,158,104
darkelf27.jpg,278,500,darkelf,110,25,168,100
darkelf29.jpg,300,500,darkelf,130,7,184,73
darkelf3.jpg,600,600,darkelf,249,21,322,137
darkelf31.jpg,300,500,darkelf,119,48,175,127
darkelf32.jpg,278,500,darkelf,109,33,161,109
darkelf33.jpg,278,500,darkelf,99,16,159,93
darkelf4.jpg,1920,1080,darkelf,1028,246,1300,647
darkelf5.jpg,600,1000,darkelf,247,195,370,362
darkelfall.jpg,520,567,darkelf,26,15,89,96
darkelfall.jpg,520,567,darkelf,130,11,196,94
darkelfall.jpg,520,567,darkelf,233,12,298,96
darkelfall.jpg,520,567,darkelf,337,12,401,97
darkelfall.jpg,520,567,darkelf,439,18,504,105
darkelfall.jpg,520,567,darkelf,24,158,87,242
darkelfall.jpg,520,567,darkelf,129,157,191,237
darkelfall.jpg,520,567,darkelf,233,155,297,240
darkelfall.jpg,520,567,darkelf,332,154,402,249
darkelfall.jpg,520,567,darkelf,438,151,507,233
darkelfall.jpg,520,567,darkelf,26,306,83,379
darkelfall.jpg,520,567,darkelf,130,303,188,379
darkelfall.jpg,520,567,darkelf,230,299,291,376
darkelfall.jpg,520,567,darkelf,341,303,396,372
darkelfall.jpg,520,567,darkelf,442,302,501,376
darkelfall.jpg,520,567,darkelf,25,440,84,518
darkelfall.jpg,520,567,darkelf,130,445,187,523
darkelfall.jpg,520,567,darkelf,233,443,290,518
darkelfall.jpg,520,567,darkelf,340,445,396,514
darkelfall.jpg,520,567,darkelf,444,438,504,517
highelf13.jpg,600,1080,highelf,235,40,364,189
highelf14.jpg,600,1080,highelf,230,54,353,206
highelf15.jpg,288,500,highelf,123,27,170,93
highelf16.jpg,278,500,highelf,112,40,164,101
highelf17.jpg,600,1080,highelf,233,49,351,207
highelf18.jpg,278,500,highelf,109,5,174,80
highelf19.jpg,278,500,highelf,112,28,173,101
highelf2.jpg,1920,1080,highelf,1078,146,1253,390
highelf20.jpg,278,500,highelf,109,16,162,93
highelf22.jpg,300,500,highelf,117,34,181,109
highelf23.jpg,300,500,highelf,123,33,169,96
highelf24.jpg,278,500,highelf,114,12,167,84
highelf25.jpg,300,500,highelf,124,11,178,85
highelf26.jpg,300,500,highelf,111,9,166,87
highelf27.jpg,300,500,highelf,117,31,176,108
highelf28.jpg,300,500,highelf,118,10,200,99
highelf29.jpg,300,500,highelf,122,21,168,93
highelf3.jpg,1920,1080,highelf,1093,175,1263,391
highelf30.jpg,300,500,highelf,129,18,173,70
highelf31.jpg,278,500,highelf,112,26,159,109
highelf32.jpg,600,1000,highelf,257,18,349,143
highelf4.jpg,1920,1080,highelf,1098,166,1282,386
highelf5.jpg,1920,1080,highelf,1064,164,1267,407
highelf7.jpg,1920,1080,highelf,1065,155,1237,397
highelf8.jpg,1920,1080,highelf,1064,183,1265,392
highelf9.jpg,1920,1080,highelf,1060,161,1245,409
highelfall.jpg,679,740,highelf,25,18,114,145
highelfall.jpg,679,740,highelf,168,14,253,144
highelfall.jpg,679,740,highelf,309,14,393,122
highelfall.jpg,679,740,highelf,441,17,532,132
highelfall.jpg,679,740,highelf,568,12,659,140
highelfall.jpg,679,740,highelf,26,208,114,320
highelfall.jpg,679,740,highelf,161,206,251,316
highelfall.jpg,679,740,highelf,296,208,388,317
highelfall.jpg,679,740,highelf,435,207,527,312
highelfall.jpg,679,740,highelf,573,204,661,315
highelfall.jpg,679,740,highelf,29,389,114,498
highelfall.jpg,679,740,highelf,163,391,254,502
highelfall.jpg,679,740,highelf,298,391,388,498
highelfall.jpg,679,740,highelf,440,390,524,499
highelfall.jpg,679,740,highelf,574,391,657,499
highelfall.jpg,679,740,highelf,28,579,116,685
highelfall.jpg,679,740,highelf,158,574,247,682
highelfall.jpg,679,740,highelf,300,576,385,677
highelfall.jpg,679,740,highelf,441,573,523,687
highelfall.jpg,679,740,highelf,577,577,654,681
imperial10.jpg,600,600,imperial,252,13,318,101
imperial11.jpg,1920,1080,imperial,1083,191,1230,397
imperial13.jpg,278,500,imperial,114,27,163,96
imperial14.jpg,300,500,imperial,126,29,179,103
imperial15.jpg,300,500,imperial,128,8,182,83
imperial16.jpg,300,500,imperial,122,23,174,91
imperial17.jpg,300,500,imperial,111,30,155,92
imperial18.jpg,300,500,imperial,135,11,183,77
imperial19.jpg,300,500,imperial,132,10,183,84
imperial2.jpg,1920,1080,imperial,1087,166,1272,388
imperial20.jpg,300,500,imperial,126,50,170,108
imperial21.jpg,300,500,imperial,122,10,173,82
imperial22.jpg,300,500,imperial,127,12,179,83
imperial23.jpg,278,500,imperial,114,21,160,88
imperial25.jpg,278,500,imperial,114,26,162,93
imperial26.jpg,282,500,imperial,113,18,169,89
imperial27.jpg,268,499,imperial,98,6,154,79
imperial28.jpg,300,500,imperial,122,56,172,118
imperial29.jpg,300,500,imperial,120,9,178,88
imperial3.jpg,1920,1080,imperial,1088,174,1248,420
imperial30.jpg,300,500,imperial,124,14,169,75
imperial31.jpg,300,500,imperial,137,33,186,97
imperial32.jpg,300,500,imperial,122,31,173,97
imperial4.jpg,1920,1080,imperial,1108,186,1275,394
imperial5.jpg,1920,1080,imperial,1103,185,1247,385
imperial6.jpg,1920,1080,imperial,1098,185,1267,410
imperial7.jpg,1920,1080,imperial,1052,183,1221,399
imperial8.jpg,1920,1080,imperial,1099,190,1263,380
imperial9.jpg,600,600,imperial,252,63,350,191
imperialall.jpg,520,567,imperial,30,14,87,90
imperialall.jpg,520,567,imperial,135,12,192,88
imperialall.jpg,520,567,imperial,233,14,293,104
imperialall.jpg,520,567,imperial,341,15,399,96
imperialall.jpg,520,567,imperial,448,14,504,91
imperialall.jpg,520,567,imperial,29,159,85,229
imperialall.jpg,520,567,imperial,126,157,187,238
imperialall.jpg,520,567,imperial,235,154,292,233
imperialall.jpg,520,567,imperial,340,152,396,240
imperialall.jpg,520,567,imperial,447,158,498,232
imperialall.jpg,520,567,imperial,26,302,81,372
imperialall.jpg,520,567,imperial,133,305,183,373
imperialall.jpg,520,567,imperial,236,307,291,375
imperialall.jpg,520,567,imperial,338,306,391,375
imperialall.jpg,520,567,imperial,447,306,496,375
imperialall.jpg,520,567,imperial,22,443,83,515
imperialall.jpg,520,567,imperial,128,440,189,513
imperialall.jpg,520,567,imperial,233,442,295,515
imperialall.jpg,520,567,imperial,341,442,398,511
imperialall.jpg,520,567,imperial,442,440,498,512
khajiit.jpg,1920,1080,khajiit,980,469,1266,822
khajiit13.jpg,300,500,khajiit,116,18,180,94
khajiit14.jpg,300,500,khajiit,102,101,178,191
khajiit15.jpg,300,500,khajiit,120,10,191,92
khajiit16.jpg,300,500,khajiit,122,39,180,113
khajiit17.jpg,294,500,khajiit,98,26,175,115
khajiit18.jpg,278,500,khajiit,101,34,173,124
khajiit19.jpg,350,500,khajiit,153,73,222,173
khajiit20.jpg,278,500,khajiit,110,39,161,101
khajiit21.jpg,300,500,khajiit,125,44,175,100
khajiit22.jpg,300,500,khajiit,120,42,170,108
khajiit24.jpg,300,500,khajiit,124,38,178,102
khajiit25.jpg,300,500,khajiit,125,55,175,109
khajiit27.jpg,300,500,khajiit,128,22,175,80
khajiit28.jpg,300,500,khajiit,117,134,183,215
khajiit29.jpg,300,500,khajiit,113,60,176,137
khajiit30.jpg,301,500,khajiit,113,15,184,98
khajiit31.jpg,300,500,khajiit,118,42,185,124
khajiit32.jpg,300,500,khajiit,124,25,186,100
khajiit4.jpg,1920,1080,khajiit,1106,159,1274,363
khajiit5.jpg,1920,1080,khajiit,1095,159,1259,369
khajiit6.jpg,1920,1080,khajiit,1074,142,1272,390
khajiitall.jpg,520,567,khajiit,14,6,96,99
khajiitall.jpg,520,567,khajiit,120,8,198,101
khajiitall.jpg,520,567,khajiit,224,8,300,100
khajiitall.jpg,520,567,khajiit,327,11,402,97
khajiitall.jpg,520,567,khajiit,436,12,507,100
khajiitall.jpg,520,567,khajiit,15,148,92,239
khajiitall.jpg,520,567,khajiit,120,163,195,246
khajiitall.jpg,520,567,khajiit,221,154,299,244
khajiitall.jpg,520,567,khajiit,328,155,401,244
khajiitall.jpg,520,567,khajiit,431,157,512,244
khajiitall.jpg,520,567,khajiit,22,297,87,372
khajiitall.jpg,520,567,khajiit,121,297,190,375
khajiitall.jpg,520,567,khajiit,229,295,296,374
khajiitall.jpg,520,567,khajiit,335,297,403,375
khajiitall.jpg,520,567,khajiit,437,297,504,372
khajiitall.jpg,520,567,khajiit,19,434,87,514
khajiitall.jpg,520,567,khajiit,124,441,191,518
khajiitall.jpg,520,567,khajiit,227,437,295,515
khajiitall.jpg,520,567,khajiit,332,440,396,515
khajiitall.jpg,520,567,khajiit,436,437,504,518
khajjit3.jpg,1920,1080,khajiit,1074,160,1249,363
nord.jpg,1280,720,nord,701,152,898,397
nord1.jpg,1920,1080,nord,1104,177,1253,430
nord10.jpg,352,246,nord,41,12,144,154
nord10.jpg,352,246,nord,209,11,329,155
nord11.jpg,246,322,nord,22,28,166,248
nord12.jpg,500,600,nord,173,43,312,234
nord13.jpg,300,500,nord,127,26,178,99
nord14.jpg,300,500,nord,123,3,175,80
nord15.jpg,300,500,nord,133,87,171,139
nord17.jpg,300,500,nord,125,25,174,99
nord18.jpg,300,500,nord,128,18,175,84
nord19.jpg,300,500,nord,124,20,179,93
nord2.jpg,1920,1080,nord,1050,194,1235,460
nord20.jpg,300,500,nord,126,20,180,97
nord21.jpg,300,500,nord,133,16,182,85
nord22.jpg,350,477,nord,135,45,177,104
nord23.jpg,300,500,nord,112,3,188,93
nord24.jpg,300,500,nord,127,33,173,98
nord25.jpg,300,500,nord,119,25,172,93
nord26.jpg,300,500,nord,123,5,176,80
nord27.jpg,300,500,nord,126,7,176,81
nord28.jpg,278,500,nord,123,64,192,165
nord3.jpg,1920,1080,nord,1074,176,1236,392
nord30.jpg,300,500,nord,135,26,187,89
nord31.jpg,300,500,nord,123,14,177,86
nord32.jpg,278,500,nord,114,20,164,88
nord33.jpg,278,500,nord,112,31,165,98
nord4.jpg,1920,1080,nord,1074,168,1250,403
nord5.jpg,1920,1080,nord,1081,179,1249,447
nord6.jpg,1920,1080,nord,1076,172,1232,410
nord7.jpg,1920,1080,nord,1094,174,1252,361
nord8.jpg,1920,1080,nord,1014,227,1288,614
nordall.jpg,700,763,nord,35,13,118,129
nordall.jpg,700,763,nord,174,12,256,143
nordall.jpg,700,763,nord,318,15,401,126
nordall.jpg,700,763,nord,460,16,538,154
nordall.jpg,700,763,nord,597,8,677,128
nordall.jpg,700,763,nord,36,208,110,317
nordall.jpg,700,763,nord,168,206,259,341
nordall.jpg,700,763,nord,316,203,395,326
nordall.jpg,700,763,nord,454,205,534,321
nordall.jpg,700,763,nord,597,208,677,312
nordall.jpg,700,763,nord,37,400,115,504
nordall.jpg,700,763,nord,177,400,252,505
nordall.jpg,700,763,nord,318,404,398,506
nordall.jpg,700,763,nord,451,408,528,505
nordall.jpg,700,763,nord,596,399,677,507
nordall.jpg,700,763,nord,32,594,110,696
nordall.jpg,700,763,nord,172,595,247,694
nordall.jpg,700,763,nord,313,591,392,699
nordall.jpg,700,763,nord,447,594,526,695
nordall.jpg,700,763,nord,581,587,676,691
orc.jpg,1920,1080,orc,1028,447,1325,858
orc1.jpg,1920,1080,orc,1085,175,1266,433
orc12.jpg,1920,1080,orc,1103,163,1267,399
orc13.jpg,300,500,orc,134,24,185,91
orc14.jpg,300,500,orc,131,47,176,109
orc14a.jpg,301,373,orc,107,15,196,142
orc15.jpg,300,500,orc,123,24,177,86
orc15a.jpg,424,599,orc,99,28,371,400
orc16.jpg,294,500,orc,122,17,176,92
orc16a.jpg,300,300,orc,71,26,284,299
orc18.jpg,267,499,orc,99,16,163,108
orc19a.jpg,480,360,orc,36,129,141,246
orc19a.jpg,480,360,orc,190,137,296,280
orc19a.jpg,480,360,orc,347,129,456,286
orc20.jpg,300,500,orc,145,89,195,150
orc21.jpg,300,500,orc,141,19,198,86
orc22.jpg,300,500,orc,134,14,188,81
orc23.jpg,300,500,orc,109,22,177,103
orc24.jpg,300,500,orc,139,26,188,84
orc25.jpg,300,500,orc,122,48,175,119
orc26.jpg,278,500,orc,112,30,168,101
orc27.jpg,300,500,orc,135,21,197,108
orc28.jpg,278,500,orc,114,20,162,94
orc29.jpg,300,500,orc,123,9,183,82
orc3.jpg,1920,1080,orc,1056,157,1267,431
orc30.jpg,300,500,orc,133,34,184,99
orc31.jpg,300,500,orc,132,16,182,78
orc32.jpg,300,500,orc,116,20,174,93
orc33.jpg,300,500,orc,132,8,185,77
orc4.jpg,1920,1080,orc,1078,190,1254,404
orc5.jpg,1920,1080,orc,1081,177,1263,430
orc6.jpg,1920,1080,orc,1104,181,1282,398
orc7.jpg,1920,1080,orc,1078,172,1253,438
orc8.jpg,1920,1080,orc,1071,185,1245,407
orc9.jpg,1920,1080,orc,1087,182,1264,400
orcall.jpg,520,567,orc,25,15,92,99
orcall.jpg,520,567,orc,127,17,197,99
orcall.jpg,520,567,orc,230,12,302,93
orcall.jpg,520,567,orc,334,16,399,100
orcall.jpg,520,567,orc,436,17,508,97
orcall.jpg,520,567,orc,22,160,87,234
orcall.jpg,520,567,orc,123,156,190,232
orcall.jpg,520,567,orc,229,158,298,237
orcall.jpg,520,567,orc,332,154,401,237
orcall.jpg,520,567,orc,441,158,509,257
orcall.jpg,520,567,orc,20,296,92,382
orcall.jpg,520,567,orc,124,297,192,385
orcall.jpg,520,567,orc,234,293,297,380
orcall.jpg,520,567,orc,342,298,404,380
orcall.jpg,520,567,orc,440,298,505,381
orcall.jpg,520,567,orc,18,437,86,527
orcall.jpg,520,567,orc,124,441,187,523
orcall.jpg,520,567,orc,237,440,300,523
orcall.jpg,520,567,orc,338,441,399,526
orcall.jpg,520,567,orc,439,442,502,524
redguard.jpg,1920,1080,redguard,1086,183,1239,397
redguard1.jpg,1920,1080,redguard,1071,176,1245,398
redguard10.jpg,1920,1080,redguard,964,488,1283,829
redguard11.jpg,1920,1080,redguard,537,180,848,566
redguard12.jpg,1920,1080,redguard,682,99,1144,772
redguard13.jpg,300,500,redguard,137,20,187,85
redguard14.jpg,300,500,redguard,130,14,186,85
redguard15.jpg,300,500,redguard,126,17,177,80
redguard17.jpg,300,500,redguard,139,25,183,89
redguard18.jpg,278,500,redguard,113,17,162,81
redguard19.jpg,300,500,redguard,120,31,167,96
redguard2.jpg,1920,1080,redguard,1085,191,1238,398
redguard20.jpg,278,500,redguard,108,17,169,92
redguard22.jpg,300,500,redguard,137,18,187,88
redguard23.jpg,300,500,redguard,125,21,174,84
redguard24.jpg,300,500,redguard,130,15,182,78
redguard25.jpg,300,500,redguard,116,5,167,75
redguard26.jpg,300,500,redguard,133,9,181,72
redguard27.jpg,300,500,redguard,135,7,197,80
redguard28.jpg,290,499,redguard,87,8,166,99
redguard29.jpg,300,500,redguard,132,54,171,114
redguard3.jpg,1920,1080,redguard,1085,169,1243,415
redguard30.jpg,300,500,redguard,140,12,192,82
redguard31.jpg,278,500,redguard,112,38,166,114
redguard32.jpg,300,500,redguard,124,25,176,93
redguard4.jpg,1920,1080,redguard,1094,208,1259,410
redguard6.jpg,1920,1080,redguard,1095,193,1239,435
redguard7.jpg,1920,1080,redguard,1095,196,1250,429
redguardall.jpg,520,568,redguard,22,12,81,94
redguardall.jpg,520,568,redguard,130,17,189,92
redguardall.jpg,520,568,redguard,232,15,294,93
redguardall.jpg,520,568,redguard,336,15,396,103
redguardall.jpg,520,568,redguard,443,17,501,89
redguardall.jpg,520,568,redguard,28,159,85,234
redguardall.jpg,520,568,redguard,131,156,189,248
redguardall.jpg,520,568,redguard,237,158,293,235
redguardall.jpg,520,568,redguard,338,155,395,258
redguardall.jpg,520,568,redguard,441,158,497,244
redguardall.jpg,520,568,redguard,25,297,86,370
redguardall.jpg,520,568,redguard,136,301,188,373
redguardall.jpg,520,568,redguard,235,308,291,376
redguardall.jpg,520,568,redguard,338,300,391,375
redguardall.jpg,520,568,redguard,444,301,498,370
redguardall.jpg,520,568,redguard,23,443,81,514
redguardall.jpg,520,568,redguard,127,443,183,511
redguardall.jpg,520,568,redguard,234,443,290,521
redguardall.jpg,520,568,redguard,338,442,395,514
redguardall.jpg,520,568,redguard,441,440,493,511
woodelf10.jpg,1920,1080,woodelf,1070,238,1328,611
woodelf13.jpg,300,500,woodelf,124,9,179,107
woodelf14.jpg,278,500,woodelf,108,32,160,104
woodelf15.jpg,278,500,woodelf,112,20,164,100
woodelf16.jpg,278,500,woodelf,114,14,166,84
woodelf17.jpg,278,500,woodelf,114,24,164,103
woodelf18.jpg,300,500,woodelf,119,21,174,102
woodelf19.jpg,300,500,woodelf,123,17,182,91
woodelf2.jpg,1920,1080,woodelf,1083,188,1259,410
woodelf20.jpg,278,500,woodelf,109,20,166,91
woodelf22.jpg,600,1000,woodelf,226,47,356,188
woodelf23.jpg,300,500,woodelf,133,21,189,84
woodelf24.jpg,300,500,woodelf,115,16,167,90
woodelf25.jpg,300,500,woodelf,122,70,174,130
woodelf26.jpg,300,500,woodelf,115,26,173,110
woodelf27.jpg,300,500,woodelf,134,13,190,85
woodelf29.jpg,300,500,woodelf,124,19,177,85
woodelf30.jpg,278,500,woodelf,111,12,168,97
woodelf31.jpg,300,400,woodelf,111,21,201,149
woodelf32.jpg,293,409,woodelf,102,33,190,142
woodelf5.jpg,1920,1080,woodelf,1083,150,1254,398
woodelf6.jpg,1920,1080,woodelf,1083,182,1248,388
woodelf7.jpg,1920,1080,woodelf,1081,175,1247,385
woodelf8.jpg,1920,1080,woodelf,1099,185,1254,391
woodelfall.jpg,468,510,woodelf,20,19,79,92
woodelfall.jpg,468,510,woodelf,114,18,175,91
woodelfall.jpg,468,510,woodelf,208,19,265,98
woodelfall.jpg,468,510,woodelf,302,13,362,96
woodelfall.jpg,468,510,woodelf,396,22,453,95
woodelfall.jpg,468,510,woodelf,21,141,82,216
woodelfall.jpg,468,510,woodelf,117,143,174,219
woodelfall.jpg,468,510,woodelf,215,142,265,206
woodelfall.jpg,468,510,woodelf,306,142,359,209
woodelfall.jpg,468,510,woodelf,398,142,455,212
woodelfall.jpg,468,510,woodelf,25,276,78,343
woodelfall.jpg,468,510,woodelf,116,274,170,343
woodelfall.jpg,468,510,woodelf,209,273,264,343
woodelfall.jpg,468,510,woodelf,310,278,359,343
woodelfall.jpg,468,510,woodelf,400,272,452,340
woodelfall.jpg,468,510,woodelf,22,406,73,470
woodelfall.jpg,468,510,woodelf,113,400,169,464
woodelfall.jpg,468,510,woodelf,211,408,264,471
woodelfall.jpg,468,510,woodelf,304,403,352,470
woodelfall.jpg,468,510,woodelf,401,398,452,465
